     shots,    errors,  discards, seconds,decoder,strong_id,json_metadata,custom_counts
   3078417,     10536,         0,    19.7,pymatching,f99f943ab10c4a9bdba92a1712852b1f707ca671bd60065384cf151eb967413b,"{""d"":5,""p"":0.001,""r"":5}",
 100000000,       387,         0,   269.3,pymatching,5d39c8e36b4365c3cfa64881c630c2c6edc8c94e8524790e66206e11762547c3,"{""d"":5,""p"":0.0001,""r"":5}",
     67857,     13605,         0,    2.17,pymatching,cd22f58dbd1ab700f677f6710b783a1a001294f39d293ad5665a0330d4a3dbd1,"{""d"":5,""p"":0.004641588833612777,""r"":5}",
    361745,     11105,         0,    4.65,pymatching,27b9a4c7d4c76c6c0ae986f377d211ddf65e72da18d5e1a0298fcb97c2999fa1,"{""d"":5,""p"":0.002154434690031882,""r"":5}",
 100000000,      3632,         0,   327.4,pymatching,4266890cef3417750b4eb851699649a503bcae8aef4f201634d86eaeafd29dd9,"{""d"":5,""p"":0.00021544346900318845,""r"":5}",
  29301009,     10348,         0,   125.6,pymatching,20dcbdaa7cddd6f62fd7d8ea34d19be55353b6ffad9cf22f7d207988ea76d1a8,"{""d"":5,""p"":0.00046415888336127773,""r"":5}",
     40209,     19176,         0,    3.12,pymatching,16c71cd483b088b1d2c67f90dfbdd6f6bdb82588e3bb3958cac1bb603da5630e,"{""d"":5,""p"":0.01,""r"":5}",
     40209,     20139,         0,    6.09,pymatching,93e7ba06f7ba89ca6002feb7ca7d7c7c7386c9acb803488d5b3bb77c8f611470,"{""d"":5,""p"":0.021544346900318822,""r"":5}",
     40209,     20116,         0,    8.45,pymatching,737f9215773e1e3bc4ac4adea7651a6e07fc9e625924a86a762db2c7845813f9,"{""d"":5,""p"":0.046415888336127774,""r"":5}",
     40209,     20141,         0,    10.2,pymatching,4f79fe53d70dcc3f4d4a6964bbb0911d06bd06824f5c99e1d820889fdd8efacf,"{""d"":5,""p"":0.1,""r"":5}",
 100000000,         9,         0,   656.0,pymatching,f50f4ca31f86559a48f827dabc6c0e8486d9c0ee97c90eca0c45f9a215bd5442,"{""d"":7,""p"":0.0001,""r"":7}",
 100000000,       192,         0,   736.2,pymatching,6a9a4900b9a28768cde66c18f3810ce3c1a1d1bcc1043f3fe6c12c37e5746534,"{""d"":7,""p"":0.00021544346900318845,""r"":7}",
 100000000,      3887,         0,  1018.6,pymatching,424c4fe08ae3c503c26a79265b2864c15e2dbf897c2a73386aaa17fb02be824e,"{""d"":7,""p"":0.00046415888336127773,""r"":7}",
  12299537,     10176,         0,   216.1,pymatching,b4c685653875ebba732c0b92fd78b8104599c36d60c9f18ec8777e2f828d467e,"{""d"":7,""p"":0.001,""r"":7}",
    648465,     10788,         0,    24.7,pymatching,3c615abcb89f496ffdf42a752ebdeffbf641bb40988262d0870c49bb98eed201,"{""d"":7,""p"":0.002154434690031882,""r"":7}",
     63761,     13634,         0,    6.76,pymatching,9667a26fd60f5e9b3b0a91f034e8b41c5f60cf61080b4d7d5721722387d0a3e0,"{""d"":7,""p"":0.004641588833612777,""r"":7}",
     40209,     19997,         0,    11.1,pymatching,659e0430190c65c1538987eb10b70da6ac45632fd7925325c0152f62dd462639,"{""d"":7,""p"":0.01,""r"":7}",
     41233,     20535,         0,    22.5,pymatching,197ae132a1684751182ca0138b5a76367de5c411a3020ef78c894681fb829e2a,"{""d"":7,""p"":0.021544346900318822,""r"":7}",
     39185,     19692,         0,    30.2,pymatching,0b003abbf0b29ead61fbbed22ddf9d4db2624c09b4f4a479244d8c9faf692df7,"{""d"":7,""p"":0.046415888336127774,""r"":7}",
     40209,     20084,         0,    37.5,pymatching,09c24bbfa51edd9a07970761d792bf97df7ff5435f5a9dbff77e438f2a5af897,"{""d"":7,""p"":0.1,""r"":7}",
 100000000,         0,         0,  1166.1,pymatching,35364b08ee3e0e1352af5d70347ab15668892b8af6623fc1c5d6fd8b32b90490,"{""d"":9,""p"":0.0001,""r"":9}",
 100000000,         6,         0,  1536.4,pymatching,bfbcd22f6acc2c853e5f6be76f90ec123aae9122e97178b54f563625ee0b4e05,"{""d"":9,""p"":0.00021544346900318845,""r"":9}",
 100000000,       380,         0,  2325.6,pymatching,40a4c61bf9d21cdbae018b358d53fa926a868bd106340cc7cbd4b0302800640e,"{""d"":9,""p"":0.00046415888336127773,""r"":9}",
  61280802,     10507,         0,  2499.7,pymatching,afa48ffe8d59159c865ecd483fa06f1141cab84f31c489feb4d32260e9f21393,"{""d"":9,""p"":0.001,""r"":9}",
   1294609,     10329,         0,   115.3,pymatching,851dc8668764388b86947dd9329670cac1c2c9ce4f8301c87286c9c6c13de554,"{""d"":9,""p"":0.002154434690031882,""r"":9}",
     64785,     13948,         0,    17.5,pymatching,100f3d65f250d4429596a7f56c405748602f489b91659c912b5f7c34417d4358,"{""d"":9,""p"":0.004641588833612777,""r"":9}",
     40209,     20118,         0,    29.4,pymatching,1e04f47c8fd18a9760a6de8692a34e6512c67b141a95eba038f010f69c09c107,"{""d"":9,""p"":0.01,""r"":9}",
     39953,     20010,         0,    57.2,pymatching,1a1243d2822a8092416da42c0ad3a3928c1da6edb8a4b42a9e805bf6778ceb8c,"{""d"":9,""p"":0.021544346900318822,""r"":9}",
     39953,     20027,         0,    83.9,pymatching,fc7a9dd2c4fae70e564a9fa9fb17983013ea361c7650bb7e4b7b0ba5122a19cd,"{""d"":9,""p"":0.046415888336127774,""r"":9}",
     40337,     20327,         0,    98.3,pymatching,f7d3ed8bf916d2e15d8e356ca7f571440e3157ace2933a9e5ef952b4e68bfe3c,"{""d"":9,""p"":0.1,""r"":9}",
 100000000,         0,         0,  2326.4,pymatching,f1cf4d6529e1ce63fd7d0c8046654f69d93a86874ba55a9c32eb3a49e0e8818c,"{""d"":11,""p"":0.0001,""r"":11}",
 100000000,         0,         0,  2940.4,pymatching,d54125945aef9afc11cf97a30c372d744b3e3cecd92b1a98e19b52db1b6cc349,"{""d"":11,""p"":0.00021544346900318845,""r"":11}",
 100000000,        31,         0,  4323.2,pymatching,2651a75b861dff172ad9f15b5cdda643cde262a097298869733567d6e26397d1,"{""d"":11,""p"":0.00046415888336127773,""r"":11}",
 100000000,      3570,         0,  8104.0,pymatching,11023c40aee21702032fe26a529d1e2d0924e2435e5bb247f187e8d28335e580,"{""d"":11,""p"":0.001,""r"":11}",
   2858257,     10369,         0,   523.9,pymatching,fdabf1d67c29edb59047601adf91662c19d7a78ab5d3bf5702a1379758582d9d,"{""d"":11,""p"":0.002154434690031882,""r"":11}",
     63761,     13770,         0,    37.6,pymatching,504e84fc81b445c5f2d5d525e3d63f11d1e38abd5a7ebf874569b006a8172ec6,"{""d"":11,""p"":0.004641588833612777,""r"":11}",
     39697,     19719,         0,    66.6,pymatching,e9bc54deae390fe4d3414ed678e91d6241b5d86311677636489211b3c3fc0007,"{""d"":11,""p"":0.01,""r"":11}",
     40593,     20041,         0,   136.2,pymatching,310ea25a954ce64c669e640f987b31468dc83e379068aed55bee12f3049e4434,"{""d"":11,""p"":0.021544346900318822,""r"":11}",
     39249,     19608,         0,   193.2,pymatching,6dcd4a488dffbd0187ad67614ebcd29b4772895c0753452622a8e17c405b3731,"{""d"":11,""p"":0.046415888336127774,""r"":11}",
     39569,     19785,         0,   220.7,pymatching,2e45db5357dc59711de0436b7908b8c202efcad09727e15384cbb802b00de8c8,"{""d"":11,""p"":0.1,""r"":11}",
